kind,n,seed,repeat,algo,ms,batch,compares,moves,buffer_bytes,stable_observed,record_bytes
random,8192,20260922,0,merge,0.594500000,12,96095,212992,131072,1,16
random,8192,20260922,0,heap,0.310950000,20,187791,297762,16,0,16
random,8192,20260922,0,insertion,11.526000000,1,16724019,16724021,16,1,16
random,8192,20260922,1,heap,0.294850000,20,187791,297762,16,0,16
random,8192,20260922,1,insertion,11.717000000,1,16724019,16724021,16,1,16
random,8192,20260922,1,merge,0.541500000,12,96095,212992,131072,1,16
random,8192,20260922,2,insertion,12.463000000,1,16724019,16724021,16,1,16
random,8192,20260922,2,merge,0.486166667,12,96095,212992,131072,1,16
random,8192,20260922,2,heap,0.294550000,20,187791,297762,16,0,16
random,8192,20260923,0,heap,0.268666667,18,187814,297771,16,0,16
random,8192,20260923,0,insertion,10.681000000,1,16930928,16930926,16,1,16
random,8192,20260923,0,merge,0.478545455,11,96281,212992,131072,1,16
random,8192,20260923,1,insertion,10.763000000,1,16930928,16930926,16,1,16
random,8192,20260923,1,merge,0.488272727,11,96281,212992,131072,1,16
random,8192,20260923,1,heap,0.265388889,18,187814,297771,16,0,16
random,8192,20260923,2,merge,0.591454545,11,96281,212992,131072,1,16
random,8192,20260923,2,heap,0.268444444,18,187814,297771,16,0,16
random,8192,20260923,2,insertion,11.060000000,1,16930928,16930926,16,1,16
random,8192,20260924,0,insertion,12.107000000,1,16519564,16519566,16,1,16
random,8192,20260924,0,merge,0.468454545,11,96158,212992,131072,1,16
random,8192,20260924,0,heap,0.332947368,19,187661,297663,16,0,16
random,8192,20260924,1,merge,0.502272727,11,96158,212992,131072,1,16
random,8192,20260924,1,heap,0.340684211,19,187661,297663,16,0,16
random,8192,20260924,1,insertion,10.433000000,1,16519564,16519566,16,1,16
random,8192,20260924,2,heap,0.277894737,19,187661,297663,16,0,16
random,8192,20260924,2,insertion,10.949000000,1,16519564,16519566,16,1,16
random,8192,20260924,2,merge,0.464727273,11,96158,212992,131072,1,16
random,16384,20260922,0,merge,0.973666667,6,208575,458752,262144,1,16
random,16384,20260922,0,heap,0.599000000,9,408325,644406,16,0,16
random,16384,20260922,0,insertion,41.939000000,1,67332865,67332867,16,1,16
random,16384,20260922,1,heap,0.601777778,9,408325,644406,16,0,16
random,16384,20260922,1,insertion,41.743000000,1,67332865,67332867,16,1,16
random,16384,20260922,1,merge,0.959666667,6,208575,458752,262144,1,16
random,16384,20260922,2,insertion,41.553000000,1,67332865,67332867,16,1,16
random,16384,20260922,2,merge,0.971333333,6,208575,458752,262144,1,16
random,16384,20260922,2,heap,0.588000000,9,408325,644406,16,0,16
random,16384,20260923,0,heap,0.596333333,9,408229,644454,16,0,16
random,16384,20260923,0,insertion,41.121000000,1,66925806,66925803,16,1,16
random,16384,20260923,0,merge,0.951333333,6,208740,458752,262144,1,16
random,16384,20260923,1,insertion,41.204000000,1,66925806,66925803,16,1,16
random,16384,20260923,1,merge,0.944333333,6,208740,458752,262144,1,16
random,16384,20260923,1,heap,0.591333333,9,408229,644454,16,0,16
random,16384,20260923,2,merge,0.936333333,6,208740,458752,262144,1,16
random,16384,20260923,2,heap,0.571777778,9,408229,644454,16,0,16
random,16384,20260923,2,insertion,40.773000000,1,66925806,66925803,16,1,16
random,16384,20260924,0,insertion,40.782000000,1,66920081,66920084,16,1,16
random,16384,20260924,0,merge,0.948200000,5,208633,458752,262144,1,16
random,16384,20260924,0,heap,0.573777778,9,408125,644391,16,0,16
random,16384,20260924,1,merge,0.942000000,5,208633,458752,262144,1,16
random,16384,20260924,1,heap,0.591222222,9,408125,644391,16,0,16
random,16384,20260924,1,insertion,40.724000000,1,66920081,66920084,16,1,16
random,16384,20260924,2,heap,0.575222222,9,408125,644391,16,0,16
random,16384,20260924,2,insertion,40.689000000,1,66920081,66920084,16,1,16
random,16384,20260924,2,merge,0.932000000,5,208633,458752,262144,1,16
random,32768,20260922,0,merge,2.114000000,3,450042,983040,524288,1,16
random,32768,20260922,0,heap,1.374000000,4,881824,1387080,16,0,16
random,32768,20260922,0,insertion,165.492000000,1,267703757,267703759,16,1,16
random,32768,20260922,1,heap,1.404500000,4,881824,1387080,16,0,16
random,32768,20260922,1,insertion,172.982000000,1,267703757,267703759,16,1,16
random,32768,20260922,1,merge,2.287666667,3,450042,983040,524288,1,16
random,32768,20260922,2,insertion,181.370000000,1,267703757,267703759,16,1,16
random,32768,20260922,2,merge,2.358000000,3,450042,983040,524288,1,16
random,32768,20260922,2,heap,1.437500000,4,881824,1387080,16,0,16
random,32768,20260923,0,heap,1.398500000,4,881790,1386843,16,0,16
random,32768,20260923,0,insertion,178.288000000,1,268965949,268965946,16,1,16
random,32768,20260923,0,merge,2.273666667,3,450191,983040,524288,1,16
random,32768,20260923,1,insertion,187.427000000,1,268965949,268965946,16,1,16
random,32768,20260923,1,merge,2.307333333,3,450191,983040,524288,1,16
random,32768,20260923,1,heap,1.646750000,4,881790,1386843,16,0,16
random,32768,20260923,2,merge,2.673666667,3,450191,983040,524288,1,16
random,32768,20260923,2,heap,1.573250000,4,881790,1386843,16,0,16
random,32768,20260923,2,insertion,188.087000000,1,268965949,268965946,16,1,16
random,32768,20260924,0,insertion,177.487000000,1,268150589,268150590,16,1,16
random,32768,20260924,0,merge,2.205500000,2,450028,983040,524288,1,16
random,32768,20260924,0,heap,1.596250000,4,881957,1386762,16,0,16
random,32768,20260924,1,merge,2.310000000,2,450028,983040,524288,1,16
random,32768,20260924,1,heap,1.679500000,4,881957,1386762,16,0,16
random,32768,20260924,1,insertion,182.640000000,1,268150589,268150590,16,1,16
random,32768,20260924,2,heap,1.445750000,4,881957,1386762,16,0,16
random,32768,20260924,2,insertion,174.470000000,1,268150589,268150590,16,1,16
random,32768,20260924,2,merge,2.253000000,2,450028,983040,524288,1,16
random,65536,20260922,0,merge,4.389000000,2,965782,2097152,1048576,1,16
random,65536,20260922,0,heap,3.235000000,2,1895421,2971275,16,0,16
random,65536,20260922,0,insertion,660.269000000,1,1079260341,1079260346,16,1,16
random,65536,20260922,1,heap,3.026000000,2,1895421,2971275,16,0,16
random,65536,20260922,1,insertion,700.972000000,1,1079260341,1079260346,16,1,16
random,65536,20260922,1,merge,5.223000000,2,965782,2097152,1048576,1,16
random,65536,20260922,2,insertion,740.526000000,1,1079260341,1079260346,16,1,16
random,65536,20260922,2,merge,4.669000000,2,965782,2097152,1048576,1,16
random,65536,20260922,2,heap,3.463000000,2,1895421,2971275,16,0,16
random,65536,20260923,0,heap,3.049000000,2,1894724,2970285,16,0,16
random,65536,20260923,0,insertion,655.184000000,1,1074990746,1074990742,16,1,16
random,65536,20260923,0,merge,4.459000000,2,965917,2097152,1048576,1,16
random,65536,20260923,1,insertion,652.320000000,1,1074990746,1074990742,16,1,16
random,65536,20260923,1,merge,4.427000000,2,965917,2097152,1048576,1,16
random,65536,20260923,1,heap,3.343500000,2,1894724,2970285,16,0,16
random,65536,20260923,2,merge,4.318500000,2,965917,2097152,1048576,1,16
random,65536,20260923,2,heap,3.161500000,2,1894724,2970285,16,0,16
random,65536,20260923,2,insertion,655.339000000,1,1074990746,1074990742,16,1,16
random,65536,20260924,0,insertion,679.162000000,1,1076070715,1076070714,16,1,16
random,65536,20260924,0,merge,4.617500000,2,965534,2097152,1048576,1,16
random,65536,20260924,0,heap,3.563500000,2,1895094,2970486,16,0,16
random,65536,20260924,1,merge,4.662000000,2,965534,2097152,1048576,1,16
random,65536,20260924,1,heap,3.403500000,2,1895094,2970486,16,0,16
random,65536,20260924,1,insertion,663.264000000,1,1076070715,1076070714,16,1,16
random,65536,20260924,2,heap,3.273500000,2,1895094,2970486,16,0,16
random,65536,20260924,2,insertion,660.994000000,1,1076070715,1076070714,16,1,16
random,65536,20260924,2,merge,4.729500000,2,965534,2097152,1048576,1,16
random,131072,20260922,0,heap,6.885000000,1,4051981,6334047,16,0,16
random,131072,20260922,0,merge,9.872000000,1,2062733,4456448,2097152,1,16
random,131072,20260922,1,merge,9.493000000,1,2062733,4456448,2097152,1,16
random,131072,20260922,1,heap,8.063000000,1,4051981,6334047,16,0,16
random,131072,20260922,2,heap,7.058000000,1,4051981,6334047,16,0,16
random,131072,20260922,2,merge,9.783000000,1,2062733,4456448,2097152,1,16
random,131072,20260923,0,merge,9.767000000,1,2062606,4456448,2097152,1,16
random,131072,20260923,0,heap,8.270000000,1,4051633,6332787,16,0,16
random,131072,20260923,1,heap,7.350000000,1,4051633,6332787,16,0,16
random,131072,20260923,1,merge,9.486000000,1,2062606,4456448,2097152,1,16
random,131072,20260923,2,merge,9.212000000,1,2062606,4456448,2097152,1,16
random,131072,20260923,2,heap,6.963000000,1,4051633,6332787,16,0,16
random,131072,20260924,0,heap,7.047000000,1,4052054,6334785,16,0,16
random,131072,20260924,0,merge,9.133000000,1,2062657,4456448,2097152,1,16
random,131072,20260924,1,merge,9.362000000,1,2062657,4456448,2097152,1,16
random,131072,20260924,1,heap,6.802000000,1,4052054,6334785,16,0,16
random,131072,20260924,2,heap,7.035000000,1,4052054,6334785,16,0,16
random,131072,20260924,2,merge,9.283000000,1,2062657,4456448,2097152,1,16
random,262144,20260922,0,heap,17.355000000,1,8627852,13454478,16,0,16
random,262144,20260922,0,merge,20.360000000,1,4387534,9437184,4194304,1,16
random,262144,20260922,1,merge,20.202000000,1,4387534,9437184,4194304,1,16
random,262144,20260922,1,heap,15.508000000,1,8627852,13454478,16,0,16
random,262144,20260922,2,heap,15.859000000,1,8627852,13454478,16,0,16
random,262144,20260922,2,merge,19.716000000,1,4387534,9437184,4194304,1,16
random,262144,20260923,0,merge,19.706000000,1,4387365,9437184,4194304,1,16
random,262144,20260923,0,heap,15.831000000,1,8628328,13453467,16,0,16
random,262144,20260923,1,heap,15.434000000,1,8628328,13453467,16,0,16
random,262144,20260923,1,merge,19.733000000,1,4387365,9437184,4194304,1,16
random,262144,20260923,2,merge,19.826000000,1,4387365,9437184,4194304,1,16
random,262144,20260923,2,heap,15.410000000,1,8628328,13453467,16,0,16
random,262144,20260924,0,heap,15.903000000,1,8627984,13455174,16,0,16
random,262144,20260924,0,merge,19.564000000,1,4387227,9437184,4194304,1,16
random,262144,20260924,1,merge,19.667000000,1,4387227,9437184,4194304,1,16
random,262144,20260924,1,heap,15.556000000,1,8627984,13455174,16,0,16
random,262144,20260924,2,heap,15.465000000,1,8627984,13455174,16,0,16
random,262144,20260924,2,merge,19.571000000,1,4387227,9437184,4194304,1,16
random,524288,20260922,0,heap,36.941000000,1,18303145,28477704,16,0,16
random,524288,20260922,0,merge,43.480000000,1,9298921,19922944,8388608,1,16
random,524288,20260922,1,merge,41.890000000,1,9298921,19922944,8388608,1,16
random,524288,20260922,1,heap,37.164000000,1,18303145,28477704,16,0,16
random,524288,20260922,2,heap,35.830000000,1,18303145,28477704,16,0,16
random,524288,20260922,2,merge,41.833000000,1,9298921,19922944,8388608,1,16
random,524288,20260923,0,merge,41.690000000,1,9298778,19922944,8388608,1,16
random,524288,20260923,0,heap,35.664000000,1,18305116,28483161,16,0,16
random,524288,20260923,1,heap,35.502000000,1,18305116,28483161,16,0,16
random,524288,20260923,1,merge,41.705000000,1,9298778,19922944,8388608,1,16
random,524288,20260923,2,merge,41.728000000,1,9298778,19922944,8388608,1,16
random,524288,20260923,2,heap,35.788000000,1,18305116,28483161,16,0,16
random,524288,20260924,0,heap,38.213000000,1,18304835,28482969,16,0,16
random,524288,20260924,0,merge,41.763000000,1,9298333,19922944,8388608,1,16
random,524288,20260924,1,merge,42.336000000,1,9298333,19922944,8388608,1,16
random,524288,20260924,1,heap,34.985000000,1,18304835,28482969,16,0,16
random,524288,20260924,2,heap,46.638000000,1,18304835,28482969,16,0,16
random,524288,20260924,2,merge,42.382000000,1,9298333,19922944,8388608,1,16
random,1048576,20260922,0,heap,94.935000000,1,38703779,60101091,16,0,16
random,1048576,20260922,0,merge,92.003000000,1,19646389,41943040,16777216,1,16
random,1048576,20260922,1,merge,91.523000000,1,19646389,41943040,16777216,1,16
random,1048576,20260922,1,heap,91.651000000,1,38703779,60101091,16,0,16
random,1048576,20260922,2,heap,91.280000000,1,38703779,60101091,16,0,16
random,1048576,20260922,2,merge,88.787000000,1,19646389,41943040,16777216,1,16
random,1048576,20260923,0,merge,92.572000000,1,19646022,41943040,16777216,1,16
random,1048576,20260923,0,heap,103.560000000,1,38705836,60105669,16,0,16
random,1048576,20260923,1,heap,103.623000000,1,38705836,60105669,16,0,16
random,1048576,20260923,1,merge,89.109000000,1,19646022,41943040,16777216,1,16
random,1048576,20260923,2,merge,90.393000000,1,19646022,41943040,16777216,1,16
random,1048576,20260923,2,heap,118.126000000,1,38705836,60105669,16,0,16
random,1048576,20260924,0,heap,91.004000000,1,38706733,60108033,16,0,16
random,1048576,20260924,0,merge,90.334000000,1,19645940,41943040,16777216,1,16
random,1048576,20260924,1,merge,89.999000000,1,19645940,41943040,16777216,1,16
random,1048576,20260924,1,heap,88.146000000,1,38706733,60108033,16,0,16
random,1048576,20260924,2,heap,94.016000000,1,38706733,60108033,16,0,16
random,1048576,20260924,2,merge,88.669000000,1,19645940,41943040,16777216,1,16
